{"cameraMode":{"drawMode":0,"name":"Shaded","section":"Shading Mode"},"sceneLighting":true,"audioPlay":false,"sceneViewState":{"m_AlwaysRefresh":false,"showFog":true,"showSkybox":true,"showFlares":true,"showImageEffects":true,"showParticleSystems":true,"showVisualEffectGraphs":true,"m_FxEnabled":true},"in2DMode":false,"pivot":{"x":19.165605545043947,"y":0.14457553625106812,"z":-11.71484088897705},"rotation":{"x":0.04761066660284996,"y":0.8333554267883301,"z":-0.07268540561199188,"w":0.5458670854568481},"size":3.4234018325805666,"orthographic":false}